Les variables de templates,
Variables générales,Exemple
nom,valeur
@TPL_SPACE@,un espace
@TPL_5_ETOILES@,5 etoiles pleines
Variables disponibles pour une catégorie,
nom,valeur
TPL_CDN,https://c.superprof.com/p
TPL_NDD,https://www.superprof.fr
TPL_TAG_IMG,202601261130
TPL_NB_AVIS_GLOBAL,1732250
TPL_NB_AVIS_GLOBAL_FORMATE,1 732 250
TPL_NB_AVIS_GLOBAL_TRONC_MILLIONS,"1,7"
TPL_AVIS_SP_GLOBAL,4.7072
TPL_AVIS_SP_GLOBAL_FORMATE,"4,7"
TPL_IF_CATEGORIE,1
TPL_CATEGORIE,Informatique
TPL_CATEGORIE_NOM,Informatique
TPL_CATEGORIE_ID,8
TPL_CATEGORIE_MINUS,informatique
TPL_CATEGORIE_MINUS_SMART,informatique
TPL_CATEGORIE_D_DE,d'
TPL_CATEGORIE_DEMARCHES,",1,3,"
TPL_CATEGORIE_URL,/les-matieres/8/categorie-informatique.html
Variables disponibles pour une matiere,
nom,valeur
TPL_CDN,https://c.superprof.com/p
TPL_NDD,https://www.superprof.fr
TPL_TAG_IMG,202601261130
TPL_NB_AVIS_GLOBAL,1732250
TPL_NB_AVIS_GLOBAL_FORMATE,1 732 250
TPL_NB_AVIS_GLOBAL_TRONC_MILLIONS,"1,7"
TPL_AVIS_SP_GLOBAL,4.7072
TPL_AVIS_SP_GLOBAL_FORMATE,"4,7"
TPL_IF_MATIERE,1
TPL_MATIERE,Histoire
TPL_MATIERE_ID,100
TPL_MATIERE_MINUS,histoire
TPL_MATIERE_FIRST_MAJUS,Histoire
TPL_MATIERE_MINUS_SMART,histoire
TPL_MATIERE_FIRST_MAJUS_SMART,Histoire
TPL_D_DE,D'
TPL_D_DE_MINUS,d'
TPL_D_DE_MATIERE,D'
TPL_D_DE_MATIERE_MINUS,d'
TPL_A_AN,
TPL_A_AN_MINUS,
TPL_A_AN_MATIERE,
TPL_A_AN_MATIERE_MINUS,
TPL_LE_LA_LES,l'
TPL_LE_LA_LES_MAJUS,L'
TPL_MATIERE_DE_MATIERE,d'histoire
TPL_COURS_DE_MATIERE,cours d'histoire
TPL_PROF_DE_MATIERE,Prof d'histoire
TPL_PROFESSEUR_DE_MATIERE,Professeur d'histoire
TPL_PROF_DE_MATIERE_FIRST_MINUS,prof d'histoire
TPL_PROFESSEUR_DE_MATIERE_FIRST_MINUS,professeur d'histoire
TPL_DES_DE_COURS,des
TPL_URL_LANDING_MATIERE,/cours/histoire/france/
TPL_URL_LANDING_MATIERE_ONLINE,/cours/histoire/online/
TPL_FAMILLE,Sciences humaines et sociales
TPL_FAMILLE_ID,6
TPL_FAMILLE_ID_CATEGORIE,1
TPL_IF_CATEGORIE,1
TPL_CATEGORIE,Scolaire
TPL_CATEGORIE_NOM,Scolaire
TPL_CATEGORIE_ID,1
TPL_CATEGORIE_MINUS,scolaire
TPL_CATEGORIE_MINUS_SMART,scolaire
TPL_CATEGORIE_D_DE,de
TPL_CATEGORIE_DEMARCHES,",1,"
TPL_CATEGORIE_URL,/les-matieres/1/scolaire.html
Variables disponibles pour une ville,
nom,valeur
TPL_CDN,https://c.superprof.com/p
TPL_NDD,https://www.superprof.fr
TPL_TAG_IMG,202601261130
TPL_NB_AVIS_GLOBAL,1732250
TPL_NB_AVIS_GLOBAL_FORMATE,1 732 250
TPL_NB_AVIS_GLOBAL_TRONC_MILLIONS,"1,7"
TPL_AVIS_SP_GLOBAL,4.7072
TPL_AVIS_SP_GLOBAL_FORMATE,"4,7"
TPL_IF_VILLE,1
TPL_VILLE,Paris 10e
TPL_VILLE_AUTRE_NOM,Paris 10e
TPL_VILLE_NETTOYE,Paris 10e
TPL_VILLE_ID,35259
TPL_VILLE_CP,75010
TPL_D_DE_VILLE,de
TPL_VILLE_A_VILLE,à Paris 10e
TPL_IF_DEPARTEMENT,1
TPL_DEPARTEMENT,Paris
TPL_DEPARTEMENT_ID,141
TPL_LE_LA_LES_DEPARTEMENT,
TPL_DU_DE_DEPARTEMENT,du
TPL_DEPARTEMENT_URL,/cours/toute-matiere/departement-paris/
TPL_DEPARTEMENT_TAG_URL,paris
TPL_DEPARTEMENT_DANS_LE_DEPARTEMENT,dans le département du Paris
TPL_IF_REGION,1
TPL_REGION,Île-de-France
TPL_REGION_ID,14
TPL_LE_LA_LES_REGION,
TPL_DU_DE_REGION,du
TPL_REGION_URL,/cours/toute-matiere/region-ile-de-france/
TPL_REGION_TAG_URL,ile-de-france
Variables disponibles pour un département,
nom,valeur
TPL_CDN,https://c.superprof.com/p
TPL_NDD,https://www.superprof.fr
TPL_TAG_IMG,202601261130
TPL_NB_AVIS_GLOBAL,1732250
TPL_NB_AVIS_GLOBAL_FORMATE,1 732 250
TPL_NB_AVIS_GLOBAL_TRONC_MILLIONS,"1,7"
TPL_AVIS_SP_GLOBAL,4.7072
TPL_AVIS_SP_GLOBAL_FORMATE,"4,7"
TPL_IF_DEPARTEMENT,1
TPL_DEPARTEMENT,Provincia de Almería
TPL_DEPARTEMENT_ID,5
TPL_LE_LA_LES_DEPARTEMENT,
TPL_DU_DE_DEPARTEMENT,du
TPL_DEPARTEMENT_URL,/cours/toute-matiere/departement-almeria/
TPL_DEPARTEMENT_TAG_URL,almeria
TPL_DEPARTEMENT_DANS_LE_DEPARTEMENT,dans le département du Provincia de Almería
TPL_IF_REGION,1
TPL_REGION,Andalucía
TPL_REGION_ID,80
TPL_LE_LA_LES_REGION,
TPL_DU_DE_REGION,du
TPL_REGION_URL,/cours/toute-matiere/region-andalucia/
TPL_REGION_TAG_URL,andalucia
Variables disponibles pour un niveau,
nom,valeur
TPL_CDN,https://c.superprof.com/p
TPL_NDD,https://www.superprof.fr
TPL_TAG_IMG,202601261130
TPL_NB_AVIS_GLOBAL,1732250
TPL_NB_AVIS_GLOBAL_FORMATE,1 732 250
TPL_NB_AVIS_GLOBAL_TRONC_MILLIONS,"1,7"
TPL_AVIS_SP_GLOBAL,4.7072
TPL_AVIS_SP_GLOBAL_FORMATE,"4,7"
TPL_NIVEAU_URL,/les-matieres.html
TPL_NIVEAU,Primary
TPL_NIVEAU_ID,1
TPL_NIVEAU_MINUS,primary
TPL_NIVEAU_FIRST_MAJUS,Primary
TPL_NIVEAU_MINUS_SMART,primary
TPL_NIVEAU_FIRST_MAJUS_SMART,Primary
TPL_D_DE_NIVEAU,DE
TPL_D_DE_NIVEAU_MINUS,de
TPL_DEMARCHE,Scolaire
TPL_DEMARCHE_ID,1
Variables disponibles pour une landing,
nom,valeur
TPL_NB_PROFS,3500
TPL_NB_PROFS_FORMATE,3 500